Manual Cell ID,RMSError,AverageError,ManualLength,AutoLength
8777,10.383967097557182,107,275,91
8865,10.539875087998615,111,275,94
9938,1000000,1000000,369,18
9939,16.724694922607537,279,319,96
10163,2.7476962050544724,7,196,22
10164,5.38935245401893,29,339,97
14057,19.04685374159109,362,355,57
14058,11.112576653189203,123,268,97
